label,count,proportion
0,33103,0.4803035359324444
1,35818,0.5196964640675557
