column,missing_count,missing_rate
receiver,30229,0.4386036186358294
sender,29767,0.4319002916382525
date,29767,0.4319002916382525
urls,29767,0.4319002916382525
source_dataset,0,0.0
subject,0,0.0
body,0,0.0
text,0,0.0
label,0,0.0
char_count,0,0.0
word_count,0,0.0
